Variable,F_Statistic,P_Value,Significant
PPIACO,28.039104209179733,8.100865916384927e-13,Yes
M2SL,7.922699396212365,0.00036822117096215346,Yes
AWHAETP,5.145929278037797,0.005862220685995651,Yes
FEDFUNDS,1.7666419523383388,0.17104115310388945,No
DCOILWTICO,1.1548923643939963,0.31519798374168023,No
INDPRO,1.1219437543315849,0.325750112480721,No
UNRATE,0.7600253052387484,0.46772307288737297,No
